{
  "Version": 3,
  "Meta": {
    "Duration": 6.0,
    "Fps": 30.0,
    "Loop": true,
    "AreBeziersRestricted": true,
    "CurveCount": 92,
    "TotalSegmentCount": 366,
    "TotalPointCount": 510,
    "UserDataCount": 1,
    "TotalUserDataSize": 0
  },
  "Curves": [
    {
      "Target": "Parameter",
      "Id": "ParamAngleX",
      "Segments": [
        0,
        0,
        0,
        1.333,
        -13,
        0,
        3.233,
        8,
        0,
        6,
        0
      ]
    },
    {
      "Target": "Parameter",
      "Id": "ParamAngleY",
      "Segments": [
        0,
        0,
        0,
        0.833,
        -24,
        0,
        2.233,
        -2,
        0,
        4.467,
        -8,
        0,
        6,
        0
      ]
    },
    {
      "Target": "Parameter",
      "Id": "ParamAngleZ",
      "Segments": [
        0,
        0,
        0,
        1.433,
        13,
        0,
        6,
        0
      ]
    },
    {
      "Target": "Parameter",
      "Id": "ParamEyeLOpen",
      "Segments": [
        0,
        1,
        0,
        0.433,
        0.8,
        2,
        1.167,
        0.8,
        0,
        1.333,
        0,
        0,
        1.5,
        0.8,
        2,
        4.333,
        0.8,
        0,
        4.5,
        0,
        0,
        4.667,
        0.8,
        2,
        5.1,
        0.8,
        0,
        6,
        1
      ]
    },
    {
      "Target": "Parameter",
      "Id": "ParamEyeROpen",
      "Segments": [
        0,
        1,
        0,
        0.433,
        0.8,
        2,
        1.167,
        0.8,
        0,
        1.333,
        0,
        0,
        1.5,
        0.8,
        2,
        4.333,
        0.8,
        0,
        4.5,
        0,
        0,
        4.667,
        0.8,
        2,
        5.1,
        0.8,
        0,
        6,
        1
      ]
    },
    {
      "Target": "Parameter",
      "Id": "ParamBrowLAngle",
      "Segments": [
        0,
        0,
        0,
        0.433,
        1,
        2,
        5.233,
        1,
        0,
        6,
        0
      ]
    },
    {
      "Target": "Parameter",
      "Id": "ParamBrowRAngle",
      "Segments": [
        0,
        0,
        0,
        0.433,
        1,
        2,
        5.233,
        1,
        0,
        6,
        0
      ]
    },
    {
      "Target": "Parameter",
      "Id": "ParamBrowLForm",
      "Segments": [
        0,
        0,
        0,
        0.433,
        -0.5,
        2,
        5.233,
        -0.5,
        0,
        6,
        0
      ]
    },
    {
      "Target": "Parameter",
      "Id": "ParamBrowRForm",
      "Segments": [
        0,
        0,
        0,
        0.433,
        -0.5,
        2,
        5.233,
        -0.5,
        0,
        6,
        0
      ]
    },
    {
      "Target": "Parameter",
      "Id": "ParamMouthForm",
      "Segments": [
        0,
        0,
        0,
        0.433,
        -0.9,
        0,
        1.333,
        -0.8,
        2,
        5.233,
        -0.8,
        0,
        6,
        0
      ]
    },
    {
      "Target": "Parameter",
      "Id": "ParamMouthOpenY",
      "Segments": [
        0,
        0,
        0,
        0.433,
        0.4,
        0,
        1.333,
        0,
        2,
        5.233,
        0,
        2,
        6,
        0
      ]
    },
    {
      "Target": "Parameter",
      "Id": "ParamBodyAngleX",
      "Segments": [
        0,
        0,
        0,
        2.2,
        -9,
        0,
        4.767,
        4,
        0,
        6,
        0
      ]
    },
    {
      "Target": "Parameter",
      "Id": "ParamBodyAngleY",
      "Segments": [
        0,
        0,
        0,
        1,
        -8,
        0,
        3,
        0,
        0,
        4.5,
        -5,
        0,
        6,
        0
      ]
    },
    {
      "Target": "Parameter",
      "Id": "ParamBreath",
      "Segments": [
        0,
        0,
        0,
        1.5,
        1,
        0,
        3,
        0,
        0,
        4.5,
        1,
        0,
        6,
        0
      ]
    },
    {
      "Target": "Parameter",
      "Id": "Param",
      "Segments": [
        0,
        -6.99,
        1,
        0.111,
        -7.605,
        0.222,
        -8,
        0.333,
        -8,
        0,
        1.833,
        0,
        0,
        3.333,
        -8,
        0,
        4.833,
        0,
        1,
        5.222,
        0,
        5.611,
        -4.84,
        6,
        -6.99
      ]
    },
    {
      "Target": "Parameter",
      "Id": "Param2",
      "Segments": [
        0,
        -4.664,
        1,
        0.222,
        -6.42,
        0.445,
        -8,
        0.667,
        -8,
        0,
        2.167,
        0,
        0,
        3.667,
        -8,
        0,
        5.167,
        0,
        1,
        5.445,
        0,
        5.722,
        -2.469,
        6,
        -4.664
      ]
    },
    {
      "Target": "Parameter",
      "Id": "Param3",
      "Segments": [
        0,
        -3.37,
        1,
        0.333,
        -7.222,
        0.667,
        -13,
        1,
        -13,
        0,
        2.5,
        0,
        0,
        4,
        -13,
        0,
        5.5,
        0,
        1,
        5.667,
        0,
        5.833,
        -1.444,
        6,
        -3.37
      ]
    },
    {
      "Target": "Parameter",
      "Id": "Param4",
      "Segments": [
        0,
        0.309,
        1,
        0.444,
        1.889,
        0.889,
        9,
        1.333,
        9,
        0,
        2.833,
        0,
        0,
        4.333,
        9,
        0,
        5.833,
        0,
        1,
        5.889,
        0,
        5.944,
        0.111,
        6,
        0.309
      ]
    },
    {
      "Target": "Parameter",
      "Id": "Param5",
      "Segments": [
        0,
        -11.588,
        1,
        0.444,
        -9.481,
        0.889,
        0,
        1.333,
        0,
        0,
        2.833,
        -12,
        0,
        4.333,
        0,
        0,
        5.833,
        -12,
        1,
        5.889,
        -12,
        5.944,
        -11.852,
        6,
        -11.588
      ]
    },
    {
      "Target": "Parameter",
      "Id": "Param6",
      "Segments": [
        0,
        -5.794,
        1,
        0.056,
        -5.926,
        0.111,
        -6,
        0.167,
        -6,
        0,
        1.667,
        0,
        0,
        3.167,
        -6,
        0,
        4.667,
        0,
        1,
        5.111,
        0,
        5.556,
        -4.741,
        6,
        -5.794
      ]
    },
    {
      "Target": "Parameter",
      "Id": "Param7",
      "Segments": [
        0,
        -19.259,
        1,
        0.167,
        -23.111,
        0.333,
        -26,
        0.5,
        -26,
        0,
        2,
        0,
        0,
        3.5,
        -26,
        0,
        5,
        0,
        1,
        5.333,
        0,
        5.667,
        -11.556,
        6,
        -19.259
      ]
    },
    {
      "Target": "Parameter",
      "Id": "Param8",
      "Segments": [
        0,
        -8.757,
        1,
        0.278,
        -14.519,
        0.555,
        -21,
        0.833,
        -21,
        0,
        2.333,
        0,
        0,
        3.833,
        -21,
        0,
        5.333,
        0,
        1,
        5.555,
        0,
        5.778,
        -4.148,
        6,
        -8.757
      ]
    },
    {
      "Target": "Parameter",
      "Id": "Param9",
      "Segments": [
        0,
        0,
        0,
        1.5,
        11,
        0,
        3,
        0,
        0,
        4.5,
        11,
        0,
        6,
        0
      ]
    },
    {
      "Target": "Parameter",
      "Id": "Param10",
      "Segments": [
        0,
        0,
        0,
        1.5,
        -8,
        0,
        3,
        0,
        0,
        4.5,
        -8,
        0,
        6,
        0
      ]
    },
    {
      "Target": "Parameter",
      "Id": "Param66",
      "Segments": [
        0,
        -11.367,
        1,
        0.244,
        -16.742,
        0.489,
        -22,
        0.733,
        -22,
        0,
        2.233,
        0,
        0,
        3.733,
        -22,
        0,
        5.233,
        0,
        1,
        5.489,
        0,
        5.744,
        -5.747,
        6,
        -11.367
      ]
    },
    {
      "Target": "Parameter",
      "Id": "Param67",
      "Segments": [
        0,
        -26,
        0,
        1.5,
        0,
        0,
        3,
        -26,
        0,
        4.5,
        0,
        0,
        6,
        -26
      ]
    },
    {
      "Target": "Parameter",
      "Id": "Param39",
      "Segments": [
        0,
        -5.683,
        1,
        0.244,
        -8.371,
        0.489,
        -11,
        0.733,
        -11,
        0,
        2.233,
        0,
        0,
        3.733,
        -11,
        0,
        5.233,
        0,
        1,
        5.489,
        0,
        5.744,
        -2.874,
        6,
        -5.683
      ]
    },
    {
      "Target": "Parameter",
      "Id": "Param40",
      "Segments": [
        0,
        -19,
        0,
        1.5,
        0,
        0,
        3,
        -19,
        0,
        4.5,
        0,
        0,
        6,
        -19
      ]
    },
    {
      "Target": "Parameter",
      "Id": "Param41",
      "Segments": [
        0,
        -8.267,
        1,
        0.244,
        -12.176,
        0.489,
        -16,
        0.733,
        -16,
        0,
        2.233,
        0,
        0,
        3.733,
        -16,
        0,
        5.233,
        0,
        1,
        5.489,
        0,
        5.744,
        -4.18,
        6,
        -8.267
      ]
    },
    {
      "Target": "Parameter",
      "Id": "Param42",
      "Segments": [
        0,
        -30,
        0,
        1.5,
        0,
        0,
        3,
        -30,
        0,
        4.5,
        0,
        0,
        6,
        -30
      ]
    },
    {
      "Target": "Parameter",
      "Id": "Param43",
      "Segments": [
        0,
        -9.817,
        1,
        0.244,
        -14.459,
        0.489,
        -19,
        0.733,
        -19,
        0,
        2.233,
        0,
        0,
        3.733,
        -19,
        0,
        5.233,
        0,
        1,
        5.489,
        0,
        5.744,
        -4.963,
        6,
        -9.817
      ]
    },
    {
      "Target": "Parameter",
      "Id": "Param44",
      "Segments": [
        0,
        -30,
        0,
        1.5,
        0,
        0,
        3,
        -30,
        0,
        4.5,
        0,
        0,
        6,
        -30
      ]
    },
    {
      "Target": "Parameter",
      "Id": "Param45",
      "Segments": [
        0,
        -7.233,
        1,
        0.244,
        -10.654,
        0.489,
        -14,
        0.733,
        -14,
        0,
        2.233,
        0,
        0,
        3.733,
        -14,
        0,
        5.233,
        0,
        1,
        5.489,
        0,
        5.744,
        -3.657,
        6,
        -7.233
      ]
    },
    {
      "Target": "Parameter",
      "Id": "Param46",
      "Segments": [
        0,
        -19,
        0,
        1.5,
        0,
        0,
        3,
        -19,
        0,
        4.5,
        0,
        0,
        6,
        -19
      ]
    },
    {
      "Target": "Parameter",
      "Id": "Param47",
      "Segments": [
        0,
        -9.817,
        1,
        0.244,
        -14.459,
        0.489,
        -19,
        0.733,
        -19,
        0,
        2.233,
        0,
        0,
        3.733,
        -19,
        0,
        5.233,
        0,
        1,
        5.489,
        0,
        5.744,
        -4.963,
        6,
        -9.817
      ]
    },
    {
      "Target": "Parameter",
      "Id": "Param48",
      "Segments": [
        0,
        -30,
        0,
        1.5,
        0,
        0,
        3,
        -30,
        0,
        4.5,
        0,
        0,
        6,
        -30
      ]
    },
    {
      "Target": "Parameter",
      "Id": "Param49",
      "Segments": [
        0,
        -5.683,
        1,
        0.244,
        -8.371,
        0.489,
        -11,
        0.733,
        -11,
        0,
        2.233,
        0,
        0,
        3.733,
        -11,
        0,
        5.233,
        0,
        1,
        5.489,
        0,
        5.744,
        -2.874,
        6,
        -5.683
      ]
    },
    {
      "Target": "Parameter",
      "Id": "Param50",
      "Segments": [
        0,
        -18,
        0,
        1.5,
        0,
        0,
        3,
        -18,
        0,
        4.5,
        0,
        0,
        6,
        -18
      ]
    },
    {
      "Target": "Parameter",
      "Id": "Param51",
      "Segments": [
        0,
        -10.333,
        1,
        0.244,
        -15.22,
        0.489,
        -20,
        0.733,
        -20,
        0,
        2.233,
        0,
        0,
        3.733,
        -20,
        0,
        5.233,
        0,
        1,
        5.489,
        0,
        5.744,
        -5.225,
        6,
        -10.333
      ]
    },
    {
      "Target": "Parameter",
      "Id": "Param52",
      "Segments": [
        0,
        -19,
        0,
        1.5,
        0,
        0,
        3,
        -19,
        0,
        4.5,
        0,
        0,
        6,
        -19
      ]
    },
    {
      "Target": "Parameter",
      "Id": "Param53",
      "Segments": [
        0,
        -15,
        0,
        1.5,
        0,
        0,
        3,
        -15,
        0,
        4.5,
        0,
        0,
        6,
        -15
      ]
    },
    {
      "Target": "Parameter",
      "Id": "Param37",
      "Segments": [
        0,
        -9.817,
        1,
        0.244,
        -14.459,
        0.489,
        -19,
        0.733,
        -19,
        0,
        2.233,
        0,
        0,
        3.733,
        -19,
        0,
        5.233,
        0,
        1,
        5.489,
        0,
        5.744,
        -4.963,
        6,
        -9.817
      ]
    },
    {
      "Target": "Parameter",
      "Id": "Param38",
      "Segments": [
        0,
        -30,
        0,
        1.5,
        0,
        0,
        3,
        -30,
        0,
        4.5,
        0,
        0,
        6,
        -30
      ]
    },
    {
      "Target": "Parameter",
      "Id": "Param33",
      "Segments": [
        0,
        -6.717,
        1,
        0.244,
        -9.893,
        0.489,
        -13,
        0.733,
        -13,
        0,
        2.233,
        0,
        0,
        3.733,
        -13,
        0,
        5.233,
        0,
        1,
        5.489,
        0,
        5.744,
        -3.396,
        6,
        -6.717
      ]
    },
    {
      "Target": "Parameter",
      "Id": "Param34",
      "Segments": [
        0,
        -18,
        0,
        1.5,
        0,
        0,
        3,
        -18,
        0,
        4.5,
        0,
        0,
        6,
        -18
      ]
    },
    {
      "Target": "Parameter",
      "Id": "Param35",
      "Segments": [
        0,
        -10.85,
        1,
        0.244,
        -15.981,
        0.489,
        -21,
        0.733,
        -21,
        0,
        2.233,
        0,
        0,
        3.733,
        -21,
        0,
        5.233,
        0,
        1,
        5.489,
        0,
        5.744,
        -5.486,
        6,
        -10.85
      ]
    },
    {
      "Target": "Parameter",
      "Id": "Param36",
      "Segments": [
        0,
        -21,
        0,
        1.5,
        0,
        0,
        3,
        -21,
        0,
        4.5,
        0,
        0,
        6,
        -21
      ]
    },
    {
      "Target": "Parameter",
      "Id": "Param54",
      "Segments": [
        0,
        -6.2,
        1,
        0.244,
        -9.132,
        0.489,
        -12,
        0.733,
        -12,
        0,
        2.233,
        0,
        0,
        3.733,
        -12,
        0,
        5.233,
        0,
        1,
        5.489,
        0,
        5.744,
        -3.135,
        6,
        -6.2
      ]
    },
    {
      "Target": "Parameter",
      "Id": "Param55",
      "Segments": [
        0,
        18,
        0,
        1.5,
        0,
        0,
        3,
        18,
        0,
        4.5,
        0,
        0,
        6,
        18
      ]
    },
    {
      "Target": "Parameter",
      "Id": "Param60",
      "Segments": [
        0,
        9.3,
        1,
        0.244,
        13.698,
        0.489,
        18,
        0.733,
        18,
        0,
        2.233,
        0,
        0,
        3.733,
        18,
        0,
        5.233,
        0,
        1,
        5.489,
        0,
        5.744,
        4.702,
        6,
        9.3
      ]
    },
    {
      "Target": "Parameter",
      "Id": "Param61",
      "Segments": [
        0,
        17,
        0,
        1.5,
        0,
        0,
        3,
        17,
        0,
        4.5,
        0,
        0,
        6,
        17
      ]
    },
    {
      "Target": "Parameter",
      "Id": "Param27",
      "Segments": [
        0,
        -6.2,
        1,
        0.244,
        -9.132,
        0.489,
        -12,
        0.733,
        -12,
        0,
        2.233,
        0,
        0,
        3.733,
        -12,
        0,
        5.233,
        0,
        1,
        5.489,
        0,
        5.744,
        -3.135,
        6,
        -6.2
      ]
    },
    {
      "Target": "Parameter",
      "Id": "Param28",
      "Segments": [
        0,
        -23,
        0,
        1.5,
        0,
        0,
        3,
        -23,
        0,
        4.5,
        0,
        0,
        6,
        -23
      ]
    },
    {
      "Target": "Parameter",
      "Id": "Param62",
      "Segments": [
        0,
        -11.367,
        1,
        0.244,
        -16.742,
        0.489,
        -22,
        0.733,
        -22,
        0,
        2.233,
        0,
        0,
        3.733,
        -22,
        0,
        5.233,
        0,
        1,
        5.489,
        0,
        5.744,
        -5.747,
        6,
        -11.367
      ]
    },
    {
      "Target": "Parameter",
      "Id": "Param63",
      "Segments": [
        0,
        -30,
        0,
        1.5,
        0,
        0,
        3,
        -30,
        0,
        4.5,
        0,
        0,
        6,
        -30
      ]
    },
    {
      "Target": "Parameter",
      "Id": "Param29",
      "Segments": [
        0,
        15.5,
        1,
        0.244,
        22.83,
        0.489,
        30,
        0.733,
        30,
        0,
        2.233,
        0,
        0,
        3.733,
        30,
        0,
        5.233,
        0,
        1,
        5.489,
        0,
        5.744,
        7.837,
        6,
        15.5
      ]
    },
    {
      "Target": "Parameter",
      "Id": "Param30",
      "Segments": [
        0,
        21,
        0,
        1.5,
        0,
        0,
        3,
        21,
        0,
        4.5,
        0,
        0,
        6,
        21
      ]
    },
    {
      "Target": "Parameter",
      "Id": "Param31",
      "Segments": [
        0,
        -10.85,
        1,
        0.244,
        -15.981,
        0.489,
        -21,
        0.733,
        -21,
        0,
        2.233,
        0,
        0,
        3.733,
        -21,
        0,
        5.233,
        0,
        1,
        5.489,
        0,
        5.744,
        -5.486,
        6,
        -10.85
      ]
    },
    {
      "Target": "Parameter",
      "Id": "Param32",
      "Segments": [
        0,
        -20,
        0,
        1.5,
        0,
        0,
        3,
        -20,
        0,
        4.5,
        0,
        0,
        6,
        -20
      ]
    },
    {
      "Target": "Parameter",
      "Id": "Param56",
      "Segments": [
        0,
        -12.917,
        1,
        0.244,
        -19.025,
        0.489,
        -25,
        0.733,
        -25,
        0,
        2.233,
        0,
        0,
        3.733,
        -25,
        0,
        5.233,
        0,
        1,
        5.489,
        0,
        5.744,
        -6.531,
        6,
        -12.917
      ]
    },
    {
      "Target": "Parameter",
      "Id": "Param57",
      "Segments": [
        0,
        -30,
        0,
        1.5,
        0,
        0,
        3,
        -30,
        0,
        4.5,
        0,
        0,
        6,
        -30
      ]
    },
    {
      "Target": "Parameter",
      "Id": "Param64",
      "Segments": [
        0,
        7.75,
        1,
        0.244,
        11.415,
        0.489,
        15,
        0.733,
        15,
        0,
        2.233,
        0,
        0,
        3.733,
        15,
        0,
        5.233,
        0,
        1,
        5.489,
        0,
        5.744,
        3.919,
        6,
        7.75
      ]
    },
    {
      "Target": "Parameter",
      "Id": "Param65",
      "Segments": [
        0,
        14,
        0,
        1.5,
        0,
        0,
        3,
        14,
        0,
        4.5,
        0,
        0,
        6,
        14
      ]
    },
    {
      "Target": "Parameter",
      "Id": "Param15",
      "Segments": [
        0,
        -2.583,
        1,
        0.244,
        -3.805,
        0.489,
        -5,
        0.733,
        -5,
        0,
        2.233,
        0,
        0,
        3.733,
        -5,
        0,
        5.233,
        0,
        1,
        5.489,
        0,
        5.744,
        -1.306,
        6,
        -2.583
      ]
    },
    {
      "Target": "Parameter",
      "Id": "Param16",
      "Segments": [
        0,
        -19,
        0,
        1.5,
        0,
        0,
        3,
        -19,
        0,
        4.5,
        0,
        0,
        6,
        -19
      ]
    },
    {
      "Target": "Parameter",
      "Id": "Param17",
      "Segments": [
        0,
        -15.5,
        1,
        0.244,
        -22.83,
        0.489,
        -30,
        0.733,
        -30,
        0,
        2.233,
        0,
        0,
        3.733,
        -30,
        0,
        5.233,
        0,
        1,
        5.489,
        0,
        5.744,
        -7.837,
        6,
        -15.5
      ]
    },
    {
      "Target": "Parameter",
      "Id": "Param18",
      "Segments": [
        0,
        -30,
        0,
        1.5,
        0,
        0,
        3,
        -30,
        0,
        4.5,
        0,
        0,
        6,
        -30
      ]
    },
    {
      "Target": "Parameter",
      "Id": "Param25",
      "Segments": [
        0,
        3.617,
        1,
        0.244,
        5.327,
        0.489,
        7,
        0.733,
        7,
        0,
        2.233,
        0,
        0,
        3.733,
        7,
        0,
        5.233,
        0,
        1,
        5.489,
        0,
        5.744,
        1.829,
        6,
        3.617
      ]
    },
    {
      "Target": "Parameter",
      "Id": "Param26",
      "Segments": [
        0,
        -13,
        0,
        1.5,
        0,
        0,
        3,
        -13,
        0,
        4.5,
        0,
        0,
        6,
        -13
      ]
    },
    {
      "Target": "Parameter",
      "Id": "Param24",
      "Segments": [
        0,
        0,
        1,
        0.222,
        0,
        0.445,
        -0.179,
        0.667,
        -1,
        1,
        0.722,
        -1.205,
        0.778,
        -30,
        0.833,
        -30,
        0,
        1,
        0,
        1,
        1.589,
        0,
        2.178,
        -0.272,
        2.767,
        -1,
        1,
        2.822,
        -1.069,
        2.878,
        -30,
        2.933,
        -30,
        0,
        3.1,
        0,
        1,
        3.744,
        0,
        4.389,
        -0.277,
        5.033,
        -1,
        1,
        5.089,
        -1.062,
        5.144,
        -30,
        5.2,
        -30,
        0,
        5.367,
        0,
        2,
        6,
        0
      ]
    },
    {
      "Target": "Parameter",
      "Id": "Param23",
      "Segments": [
        0,
        0,
        0,
        3.033,
        -17,
        0,
        6,
        0
      ]
    },
    {
      "Target": "Parameter",
      "Id": "Param58",
      "Segments": [
        0,
        -7.75,
        1,
        0.244,
        -11.415,
        0.489,
        -15,
        0.733,
        -15,
        0,
        2.233,
        0,
        0,
        3.733,
        -15,
        0,
        5.233,
        0,
        1,
        5.489,
        0,
        5.744,
        -3.919,
        6,
        -7.75
      ]
    },
    {
      "Target": "Parameter",
      "Id": "Param59",
      "Segments": [
        0,
        -30,
        0,
        1.5,
        0,
        0,
        3,
        -30,
        0,
        4.5,
        0,
        0,
        6,
        -30
      ]
    },
    {
      "Target": "Parameter",
      "Id": "Param19",
      "Segments": [
        0,
        12.4,
        1,
        0.244,
        18.264,
        0.489,
        24,
        0.733,
        24,
        0,
        2.233,
        0,
        0,
        3.733,
        24,
        0,
        5.233,
        0,
        1,
        5.489,
        0,
        5.744,
        6.27,
        6,
        12.4
      ]
    },
    {
      "Target": "Parameter",
      "Id": "Param20",
      "Segments": [
        0,
        23,
        0,
        1.5,
        0,
        0,
        3,
        23,
        0,
        4.5,
        0,
        0,
        6,
        23
      ]
    },
    {
      "Target": "Parameter",
      "Id": "Param21",
      "Segments": [
        0,
        9.817,
        1,
        0.244,
        14.459,
        0.489,
        19,
        0.733,
        19,
        0,
        2.233,
        0,
        0,
        3.733,
        19,
        0,
        5.233,
        0,
        1,
        5.489,
        0,
        5.744,
        4.963,
        6,
        9.817
      ]
    },
    {
      "Target": "Parameter",
      "Id": "Param22",
      "Segments": [
        0,
        30,
        0,
        1.5,
        0,
        0,
        3,
        30,
        0,
        4.5,
        0,
        0,
        6,
        30
      ]
    },
    {
      "Target": "Parameter",
      "Id": "Param68",
      "Segments": [
        0,
        0,
        0,
        1.5,
        30,
        0,
        3,
        0,
        0,
        4.5,
        30,
        0,
        6,
        0
      ]
    },
    {
      "Target": "Parameter",
      "Id": "ParamEyeLSmile",
      "Segments": [
        0,
        0,
        0,
        6,
        0
      ]
    },
    {
      "Target": "Parameter",
      "Id": "ParamEyeRSmile",
      "Segments": [
        0,
        0,
        0,
        6,
        0
      ]
    },
    {
      "Target": "Parameter",
      "Id": "ParamEyeBallX",
      "Segments": [
        0,
        0,
        0,
        6,
        0
      ]
    },
    {
      "Target": "Parameter",
      "Id": "ParamEyeBallY",
      "Segments": [
        0,
        0,
        0,
        6,
        0
      ]
    },
    {
      "Target": "Parameter",
      "Id": "ParamBrowLX",
      "Segments": [
        0,
        0,
        0,
        6,
        0
      ]
    },
    {
      "Target": "Parameter",
      "Id": "ParamBrowLY",
      "Segments": [
        0,
        0,
        0,
        6,
        0
      ]
    },
    {
      "Target": "Parameter",
      "Id": "ParamBrowRX",
      "Segments": [
        0,
        0,
        0,
        6,
        0
      ]
    },
    {
      "Target": "Parameter",
      "Id": "ParamBrowRY",
      "Segments": [
        0,
        0,
        0,
        6,
        0
      ]
    },
    {
      "Target": "Parameter",
      "Id": "ParamCheek",
      "Segments": [
        0,
        0,
        0,
        6,
        0
      ]
    },
    {
      "Target": "Parameter",
      "Id": "Param13",
      "Segments": [
        0,
        0,
        0,
        6,
        0
      ]
    },
    {
      "Target": "Parameter",
      "Id": "Param14",
      "Segments": [
        0,
        0,
        0,
        6,
        0
      ]
    },
    {
      "Target": "Parameter",
      "Id": "ParamBodyAngleZ",
      "Segments": [
        0,
        0,
        0,
        6,
        0
      ]
    },
    {
      "Target": "Parameter",
      "Id": "Param11",
      "Segments": [
        0,
        0,
        0,
        6,
        0
      ]
    },
    {
      "Target": "Parameter",
      "Id": "Param12",
      "Segments": [
        0,
        0,
        0,
        6,
        0
      ]
    }
  ],
  "UserData": [
    {
      "Time": 0.0,
      "Value": ""
    }
  ]
}